seeds,num_tasks,per_jitter,final_e2e_max,max_reaction_time,R,exceed,false_percentage,added,finalpercent
1755016037,5,0.0,440.0,412.0,0.9363636363636364,safe,0.0,False,0.0
1755016037,5,0.02,444.4,412.9806358450514,0.9292993605874246,safe,0.0,False,0.0
1755016037,5,0.05,451.0,414.1183953191139,0.9182226060290776,safe,0.0,False,0.0
1755016037,5,0.1,462.0,416.3040856495381,0.9010910944795196,safe,0.0,False,0.0
1755016037,5,0.2,484.0,421.2132306104759,0.8702752698563551,safe,0.0,False,0.0
1755016037,5,0.3,506.0,425.2339848583233,0.840383369285224,safe,0.0,False,0.0
1755016037,5,0.4,528.0,430.0539692310204,0.8144961538466294,safe,0.0,True,0.0
1755016037,5,0.5,550.0,471.5755797539168,0.8574101450071215,safe,0.0,True,0.0
