seeds,num_tasks,per_jitter,final_e2e_max,max_reaction_time,R,exceed,false_percentage,added,finalpercent
1755016037,3,0.0,302.0,265.0,0.8774834437086093,safe,0.0,False,0.0
1755016037,3,0.02,305.02,266.98631082349857,0.8753075563028607,safe,0.0,False,0.0
1755016037,3,0.05,309.54999999999995,270.01186145240354,0.8722722062749267,safe,0.0,False,0.0
1755016037,3,0.1,317.1,274.83150108175323,0.8667029362401552,safe,0.0,False,0.0
1755016037,3,0.2,332.20000000000005,283.6868254549621,0.8539639538078329,safe,0.0,False,0.0
1755016037,3,0.3,347.3,319.949453933772,0.9212480677620848,safe,0.0,False,0.0
1755016037,3,0.4,362.4,340.7652729316833,0.9403015257496778,safe,0.0,False,0.0
1755016037,3,0.5,377.5,363.6254886430561,0.9632463275312744,safe,0.0,False,0.0
