seeds,num_tasks,per_jitter,final_e2e_max,max_reaction_time,R,exceed,false_percentage,adjust,inserted
1755016010,5,0.2,528.0,501.0531959638629,0.9489643862951948,safe,0.0,False,False
1755016011,5,0.2,415.8040704141224,403.6041257079123,0.9706593908663292,safe,0.0,False,False
1755016012,5,0.2,4047.80414595021,4040.139291276282,0.9981064166156368,safe,0.0,False,False
1755016013,5,0.2,686.4,617.1292803634244,0.8990811194105833,safe,0.0,False,False
