seeds,num_tasks,per_jitter,final_e2e_max,max_reaction_time,R,exceed,false_percentage,adjust,inserted
1755016010,10,0.2,0.0,3217.677881358817,,,0.5,False,False
1755016011,10,0.2,4031.291763587769,3950.849488287353,0.980045533784728,safe,0.5,False,False
1755016012,10,0.2,4642.132361944183,4529.503656422545,0.9757377220768284,safe,0.0,True,False
1755016013,10,0.2,2871.0,2673.169427320361,0.9310934961060122,safe,0.0,False,False
