seeds,num_tasks,per_jitter,final_e2e_max,max_reaction_time,R,exceed,false_percentage,adjust,inserted
1755016010,8,0.2,2983.2000000000007,2772.4887397356943,0.929367370520144,safe,0.5,False,False
1755016011,8,0.2,0.0,2533.7018127014617,,,0.5,False,False
1755016012,8,0.2,779.575039612462,749.6846596744977,0.9616581106126444,safe,0.0,False,True
1755016013,8,0.2,933.6843970787376,850.2020223254332,0.9105882297974566,safe,0.0,False,True
