seeds,num_tasks,per_jitter,final_e2e_max,max_reaction_time,R,exceed,false_percentage,adjust,inserted
1755016010,3,0.2,2431.0,2343.5123984668526,0.9640116818045464,safe,0.0,False,False
1755016011,3,0.2,362.0,347.8257541637395,0.9608446247617112,safe,0.0,False,True
1755016012,3,0.2,90.38604137251797,88.17313438230576,0.9755171599883228,safe,0.0,,False
1755016013,3,0.2,2234.4343462103825,2167.0488230630926,0.9698422451921328,safe,0.0,False,False
