seeds,num_tasks,per_jitter,final_e2e_max,max_reaction_time,R,exceed,false_percentage
1755016010,10,0.2,0.0,3223.217582824778,,,1.0
1755016011,10,0.2,0.0,4438.697130276702,,,1.0
1755016012,10,0.2,0.0,4752.722318901462,,,0.5
1755016013,10,0.2,2871.0,2671.9019557349384,0.9306520221995606,safe,0.5
