seeds,num_tasks,per_jitter,final_e2e_max,max_reaction_time,R,exceed,false_percentage,adjusted,inserted,finalpercent
1755016040,10,0.2,5765.0,5674.950062428488,0.9843798894065028,safe,0.0,False,False,0.0
1755016039,10,0.2,2620.2,2489.795079195168,0.9502309286295582,safe,0.0,False,False,0.0
1755016037,10,0.2,2879.8,2688.907407464446,0.9337132465672776,safe,0.0,False,False,0.0
1755016038,10,0.2,3128.4,2916.851403669425,0.9323780218864036,safe,0.0,False,False,0.0
