seeds,num_tasks,per_jitter,final_e2e_max,max_reaction_time,R,exceed,false_percentage,adjusted,inserted,finalpercent
1755016040,8,0.2,574.4000000000001,542.0075788222275,0.9436065090916216,safe,0.0,False,False,0.0
1755016039,8,0.2,3851.400000000001,3743.285639313097,0.9719285556714692,safe,0.0,False,False,0.0
1755016037,8,0.2,1098.6,1068.8004757733434,0.9728750007039354,safe,0.0,False,True,0.0
1755016038,8,0.2,3203.2,3004.976376144219,0.938117000544524,safe,0.0,False,False,0.0
