seeds,num_tasks,per_jitter,final_e2e_max,max_reaction_time,R,exceed,false_percentage,adjusted,inserted,finalpercent
1755016040,10,0.2,5765.0,5724.091985521681,0.9929040738112196,safe,0.0,False,False,0.0
1755016039,10,0.2,2620.2,2446.93715259223,0.933874189982532,safe,0.0,False,False,0.0
1755016037,10,0.2,2879.8,2671.8664760076576,0.9277958455474884,safe,0.0,False,False,0.0
1755016038,10,0.2,3128.4,2902.3092152206664,0.9277295790885648,safe,0.0,False,False,0.0
