seeds,num_tasks,per_jitter,final_e2e_max,max_reaction_time,R,exceed,false_percentage,adjusted,inserted,finalpercent
1755016040,5,0.2,2261.6,2140.951961556494,0.946653679499688,safe,0.0,False,False,0.0
1755016039,5,0.2,2578.4,2450.843750191161,0.9505289133536928,safe,0.0,False,False,0.0
1755016037,5,0.2,2464.0,2283.679132987657,0.9268178299462894,safe,0.0,False,False,0.0
1755016038,5,0.2,2866.6,2239.2666924938776,0.7811577103515934,safe,0.0,False,False,0.0
