seeds,num_tasks,per_jitter,final_e2e_max,max_reaction_time,R,exceed,false_percentage,adjusted,inserted,finalpercent
1755016040,3,0.2,2266.0,2219.4164526583045,0.9794423886400284,safe,0.0,False,False,0.0
1755016039,3,0.2,473.0,458.185035370785,0.9686787217141332,safe,0.0,False,False,0.0
1755016038,3,0.2,488.4,463.8896196477345,0.9498149460436824,safe,0.0,False,False,0.0
1755016037,3,0.2,332.20000000000005,283.74541900821487,0.8541403341607912,safe,0.0,False,False,0.0
