seeds,num_tasks,per_jitter,final_e2e_max,max_reaction_time,R,exceed,false_percentage,adjusted,inserted,finalpercent
1755016040,5,0.2,2261.6,2196.804010902939,0.971349491909683,safe,0.0,False,False,0.0
1755016039,5,0.2,2578.4,2409.834716990441,0.9346240757797244,safe,0.0,False,False,0.0
1755016037,5,0.2,2464.0,2389.104706620054,0.9696041828815154,safe,0.0,False,False,0.0
1755016038,5,0.2,2866.6,2237.195626768396,0.7804352287617372,safe,0.0,False,False,0.0
