seeds,num_tasks,per_jitter,final_e2e_max,max_reaction_time,R,exceed,false_percentage,adjusted,inserted,finalpercent
1755016040,8,0.2,572.4000000000001,537.864684649669,0.9396657663341526,safe,0.0,False,False,0.0
1755016039,8,0.2,3851.400000000001,3737.623024087709,0.9704582811672918,safe,0.0,False,False,0.0
1755016037,8,0.2,1098.6,1068.2419103781867,0.972366566883476,safe,0.0,False,True,0.0
1755016038,8,0.2,3203.2,2963.1592516029177,0.92506220392199,safe,0.0,False,False,0.0
