seeds,num_tasks,per_jitter,final_e2e_max,max_reaction_time,R,exceed,false_percentage,adjusted,inserted,finalpercent
1755016040,3,0.2,2266.0,2235.897519753285,0.9867155868284578,safe,0.0,False,False,0.0
1755016039,3,0.2,473.0,459.3267859555126,0.9710925707304706,safe,0.0,False,False,0.0
1755016038,3,0.2,488.4,464.18254785675344,0.95041471715142,safe,0.0,False,False,0.0
1755016037,3,0.2,332.20000000000005,283.6868254549621,0.8539639538078329,safe,0.0,False,False,0.0
