seeds,num_tasks,per_jitter,final_e2e_max,max_reaction_time,R,exceed,false_percentage
1755016010,3,0.2,2431.0,2333.1894351905926,0.9597652962528148,safe,0.5
1755016011,3,0.2,0.0,307.6078124185883,,,0.5
1755016012,3,0.2,90.38604137251797,88.42961007171812,0.978354718592702,safe,0.0
1755016013,3,0.2,2234.4343462103825,2186.500618210688,0.9785477124978004,safe,0.0
