seeds,num_tasks,per_jitter,final_e2e_max,max_reaction_time,R,exceed,false_percentage
1755016010,8,0.2,2983.2000000000007,2766.904666565242,0.9274955304925052,safe,0.5
1755016011,8,0.2,0.0,2544.8255713157105,,,0.5
1755016012,8,0.2,0.0,628.637777011254,,,1.0
1755016013,8,0.2,0.0,780.3382983525546,,,1.0
