seeds,num_tasks,per_jitter,final_e2e_max,max_reaction_time,R,exceed,false_percentage
1755016010,5,0.2,528.0,496.57686284998,0.9404864826704168,safe,0.5
1755016011,5,0.2,0.0,433.5387224790538,,,0.5
1755016012,5,0.2,0.0,4388.885677577695,,,0.5
1755016013,5,0.2,686.4,628.7959258156236,0.9160779805006172,safe,0.5
